{
  "project_info": {
    "project_number": "403680043316",
    "project_id": "bogorism-ce963",
    "storage_bucket": "bogorism-ce963.appspot.com"
  },
  "client": [
    {
      "client_info": {
        "mobilesdk_app_id": "1:403680043316:android:e015ce7a16eb348e094561",
        "android_client_info": {
          "package_name": "com.akhmad.bogorism"
        }
      },
      "oauth_client": [
        {
          "client_id": "403680043316-a7crqq8nppdo40n954skmam9725t31ho.apps.googleusercontent.com",
          "client_type": 1,
          "android_info": {
            "package_name": "com.akhmad.bogorism",
            "certificate_hash": "47fd0d0f1b58bff83cde9da6a8d549f0d043ae8c"
          }
        },
        {
          "client_id": "403680043316-8s378qc1hqg4llk7je7pr02f3h8sbldc.apps.googleusercontent.com",
          "client_type": 3
        }
      ],
      "api_key": [
        {
          "current_key": "AIzaSyCHPqyONPQ4HquyM78--yslyiGtx-b4wJk"
        }
      ],
      "services": {
        "appinvite_service": {
          "other_platform_oauth_client": [
            {
              "client_id": "403680043316-8s378qc1hqg4llk7je7pr02f3h8sbldc.apps.googleusercontent.com",
              "client_type": 3
            }
          ]
        }
      }
    }
  ],
  "configuration_version": "1"
}